{"cameraMode":{"drawMode":0,"name":"Shaded","section":"Shading Mode"},"sceneLighting":false,"audioPlay":false,"sceneViewState":{"m_AlwaysRefresh":false,"showFog":true,"showSkybox":false,"showFlares":true,"showImageEffects":true,"showParticleSystems":true,"showVisualEffectGraphs":true,"m_FxEnabled":true},"in2DMode":false,"pivot":{"x":5.199999809265137,"y":-3.200000047683716,"z":-0.19999998807907105},"rotation":{"x":0.03969826549291611,"y":-0.19654837250709535,"z":0.007963955402374268,"w":0.9796615242958069},"size":0.8660285472869873,"orthographic":true}